{
    "before": [
      [5.6, 5, 0.2, 0.1, 0.3, 0.4, 100, 0, 0, 0, 0, 161.5, 58.2, 36.1],
      [5.6, 5, 0.3, 0.1, 0.3, 0.4, 100, 0, 0, 0, 0, 161.5, 58.2, 36.1],
      [5.6, 5, 0.1, 0.2, 0.3, 0.4, 100, 0, 0, 0, 0, 161.5, 58.2, 36.1]
    ],
    "after": [
      [4.44e-15, 0.50799, -0.66351, -0.66865, -0.49854, -0.58829, -0.3996, -0.61254, -0.63276, 0, 0, 0.497004, 0.715875, -0.92604],
      [4.44e-15, 0.50799, -0.66351, -0.66875, -0.49854, -0.58829, -0.3996, -0.61254, -0.63276, 0, 0, 0.497004, 0.715875, -0.92604],
      [4.44e-15, 0.50799, -0.66351, -0.66885, -0.49854, -0.58829, -0.3996, -0.61254, -0.63276, 0, 0, 0.497004, 0.715875, -0.92604]
    ]
  }
  